epoch_index,band,window,window_start_s,window_stop_s,pre_baseline_power,post_window_power,post_logratio_db
0,theta,early,0.3,1.3,1.712604813519647e-07,2.9942874846256018e-09,-11.051054954528809
1,theta,early,0.3,1.3,1.6869545049758017e-07,1.4239841528151942e-09,-13.550488471984863
2,theta,early,0.3,1.3,1.6461508778320422e-07,2.3763406797883135e-09,-11.023263931274414
3,theta,early,0.3,1.3,1.6641786260152003e-07,2.182567904185362e-09,-11.20771598815918
4,theta,early,0.3,1.3,1.663676272301018e-07,2.048494041062554e-09,-11.231388092041016
5,theta,early,0.3,1.3,1.6675279823630262e-07,8.891190561577389e-10,-14.479402542114258
6,theta,early,0.3,1.3,1.7512360273030936e-07,1.9742016910129223e-09,-12.40963363647461
7,theta,early,0.3,1.3,1.6497031651852012e-07,1.7309669253506854e-09,-11.6933012008667
8,theta,early,0.3,1.3,1.7090368942263012e-07,5.586284768099858e-09,-7.546841144561768
9,theta,early,0.3,1.3,1.7766691939868906e-07,2.5524178326463698e-09,-12.621580123901367
10,theta,early,0.3,1.3,1.7920073958066496e-07,2.295789780504265e-09,-11.845189094543457
11,theta,early,0.3,1.3,1.7403775132152077e-07,1.977157992882894e-09,-12.669906616210938
12,theta,early,0.3,1.3,1.7568576993198803e-07,2.1093116142623103e-09,-10.662067413330078
13,theta,early,0.3,1.3,1.7268189367314335e-07,3.700453055088815e-09,-9.044407844543457
14,theta,early,0.3,1.3,1.7794324946862616e-07,2.8025961551492173e-09,-13.01964282989502
15,theta,early,0.3,1.3,1.7507436211872118e-07,3.892968170049471e-09,-9.469120979309082
16,theta,early,0.3,1.3,1.7643191085880972e-07,1.6291510362975714e-09,-13.876860618591309
17,theta,early,0.3,1.3,1.7418551578884944e-07,1.890376521984649e-09,-12.411108016967773
18,theta,early,0.3,1.3,1.7561801257670595e-07,3.302895734691447e-08,0.1378452479839325
19,theta,early,0.3,1.3,1.8099470366905734e-07,3.1060913840974536e-09,-11.19449234008789
20,theta,early,0.3,1.3,1.763589807524113e-07,3.004759774327681e-09,-10.097636222839355
21,theta,early,0.3,1.3,1.8338124618821894e-07,1.421757489517006e-09,-15.93378734588623
22,theta,early,0.3,1.3,1.8055654038562352e-07,4.614021165139093e-09,-9.868016242980957
23,theta,early,0.3,1.3,1.774741917870415e-07,2.282822109123117e-08,-5.957399845123291
24,theta,early,0.3,1.3,2.27186561119197e-07,5.049747731078469e-09,-14.454500198364258
25,theta,early,0.3,1.3,1.9425657171723287e-07,1.0892653001803865e-08,-8.303483009338379
26,theta,early,0.3,1.3,2.1078092515836033e-07,8.560888886677276e-08,-6.248198986053467
27,theta,early,0.3,1.3,1.7863692391983932e-07,7.347152664038958e-09,-6.042564868927002
28,theta,early,0.3,1.3,1.838171925783172e-07,9.959902236289508e-09,-8.865802764892578
29,theta,early,0.3,1.3,1.8161421166951186e-07,3.2353129064688346e-09,-12.468149185180664
30,theta,early,0.3,1.3,1.787900316685409e-07,8.856410715907259e-09,-6.350434303283691
31,theta,early,0.3,1.3,1.8910353105638933e-07,3.737636422584956e-09,-16.463083267211914
32,theta,early,0.3,1.3,1.767208317460245e-07,8.010147212189622e-09,-9.543554306030273
33,theta,early,0.3,1.3,1.7654269868216943e-07,5.630993982208565e-08,-4.317963600158691
34,theta,early,0.3,1.3,1.8126674206087046e-07,2.638706586566286e-09,-13.679343223571777
35,theta,early,0.3,1.3,1.7572212129834952e-07,2.677344346224686e-09,-12.362882614135742
36,theta,early,0.3,1.3,1.7393078621807945e-07,1.5970771372053605e-09,-13.675226211547852
37,theta,early,0.3,1.3,1.7431274557111465e-07,6.822699560871115e-08,-4.237532615661621
38,theta,early,0.3,1.3,1.726903491316989e-07,4.465543490539403e-09,-9.785740852355957
39,theta,early,0.3,1.3,1.7056744638921373e-07,2.220588157797465e-09,-12.528127670288086
40,theta,early,0.3,1.3,1.7470426882937318e-07,5.670028002668914e-09,-9.136716842651367
41,theta,early,0.3,1.3,1.733426557848361e-07,2.308756075208862e-09,-13.201147079467773
42,theta,early,0.3,1.3,1.6798759361336124e-07,2.4585411484423503e-09,-11.84335994720459
43,theta,early,0.3,1.3,1.652660586159982e-07,1.2913196067998456e-09,-14.567748069763184
44,theta,early,0.3,1.3,1.6875121389148262e-07,7.193134532457179e-09,-7.959165573120117
45,theta,early,0.3,1.3,1.7112844830080576e-07,2.5152442351128457e-09,-11.348526000976562
46,theta,early,0.3,1.3,1.7894294046527648e-07,2.0252550747557052e-09,-14.058112144470215
47,theta,early,0.3,1.3,1.6772204958215298e-07,4.2448058401589606e-09,-9.203625679016113
48,theta,early,0.3,1.3,1.390337729390012e-07,2.318113256905008e-09,-11.256293296813965
49,theta,early,0.3,1.3,1.3428726219899545e-07,3.267681680796386e-09,-10.457767486572266
50,theta,early,0.3,1.3,1.4403063630652468e-07,2.723053782460738e-09,-10.704368591308594
51,theta,early,0.3,1.3,1.3917068031332747e-07,3.514896373957299e-09,-11.18812370300293
52,theta,early,0.3,1.3,1.40011934490758e-07,4.826891331077832e-09,-9.74650764465332
53,theta,early,0.3,1.3,1.387412567055435e-07,2.3429971296451413e-09,-11.113507270812988
54,theta,early,0.3,1.3,1.4055736130558216e-07,3.6894545196730633e-09,-9.457454681396484
55,theta,early,0.3,1.3,1.3820613276038785e-07,3.437842011067005e-09,-11.0145902633667
56,theta,early,0.3,1.3,1.394127338016915e-07,1.954239881030162e-09,-12.71248722076416
57,theta,early,0.3,1.3,1.423721158744229e-07,2.836462176247778e-09,-10.701780319213867
58,theta,early,0.3,1.3,1.3824215727709088e-07,2.5038218165462922e-09,-10.320596694946289
59,theta,early,0.3,1.3,1.40049806418574e-07,5.278777859274442e-09,-6.405386924743652
60,theta,early,0.3,1.3,1.3625354711166437e-07,2.0061448058328324e-09,-11.568312644958496
61,theta,early,0.3,1.3,1.393387947246083e-07,2.902599938181538e-09,-9.702434539794922
62,theta,early,0.3,1.3,1.4359602573676966e-07,3.4946008309333365e-09,-10.601761817932129
63,theta,early,0.3,1.3,1.440650549966449e-07,4.627514371691177e-09,-10.71684455871582
64,theta,early,0.3,1.3,1.4213770782589563e-07,3.817333560363068e-09,-10.258793830871582
65,theta,early,0.3,1.3,1.3918980812377413e-07,3.775691315155427e-09,-9.43364143371582
66,theta,early,0.3,1.3,1.476379622999957e-07,2.4286173072596284e-09,-12.660431861877441
67,theta,early,0.3,1.3,1.4024222139141784e-07,3.004987370047729e-09,-10.973197937011719
68,theta,early,0.3,1.3,1.4220145772014803e-07,2.879394722654638e-09,-9.873696327209473
69,theta,early,0.3,1.3,1.4316678687009698e-07,1.8656327593902233e-09,-12.322431564331055
70,theta,early,0.3,1.3,1.4622581545609137e-07,2.638302021296113e-09,-10.099340438842773
71,theta,early,0.3,1.3,1.5151069021612784e-07,3.828012573592332e-09,-10.740907669067383
72,theta,early,0.3,1.3,1.504946993691192e-07,8.984865074168624e-10,-15.739176750183105
73,theta,early,0.3,1.3,1.4657977942533762e-07,2.03926497910345e-09,-11.443120956420898
74,theta,early,0.3,1.3,1.4618137811339693e-07,1.2338688959445676e-09,-14.285343170166016
0,theta,late,1.3,2.3,1.712604813519647e-07,1.916422798231565e-09,-13.168258666992188
1,theta,late,1.3,2.3,1.6869545049758017e-07,1.647404324067736e-09,-12.407146453857422
2,theta,late,1.3,2.3,1.6461508778320422e-07,1.6576668926404636e-09,-12.650321960449219
3,theta,late,1.3,2.3,1.6641786260152003e-07,1.2801505411275116e-09,-13.424382209777832
4,theta,late,1.3,2.3,1.663676272301018e-07,1.5466961045262906e-09,-12.297436714172363
5,theta,late,1.3,2.3,1.6675279823630262e-07,3.044566598831011e-09,-9.633017539978027
6,theta,late,1.3,2.3,1.7512360273030936e-07,1.5304986167308243e-09,-14.251313209533691
7,theta,late,1.3,2.3,1.6497031651852012e-07,1.855763653857423e-09,-12.095149040222168
8,theta,late,1.3,2.3,1.7090368942263012e-07,3.5724700975237056e-09,-9.884102821350098
9,theta,late,1.3,2.3,1.7766691939868906e-07,4.718438084694299e-09,-10.454791069030762
10,theta,late,1.3,2.3,1.7920073958066496e-07,1.5994336965974298e-09,-13.745832443237305
11,theta,late,1.3,2.3,1.7403775132152077e-07,2.207467542092445e-09,-11.797001838684082
12,theta,late,1.3,2.3,1.7568576993198803e-07,2.3272361815429576e-09,-11.769624710083008
13,theta,late,1.3,2.3,1.7268189367314335e-07,9.724082872253348e-09,-5.35344934463501
14,theta,late,1.3,2.3,1.7794324946862616e-07,3.513119350984084e-09,-13.010307312011719
15,theta,late,1.3,2.3,1.7507436211872118e-07,3.8502099286574776e-09,-10.030600547790527
16,theta,late,1.3,2.3,1.7643191085880972e-07,1.676073502210329e-09,-13.915501594543457
17,theta,late,1.3,2.3,1.7418551578884944e-07,1.2883450972722699e-09,-12.963032722473145
18,theta,late,1.3,2.3,1.7561801257670595e-07,4.231606620663797e-09,-8.431364059448242
19,theta,late,1.3,2.3,1.8099470366905734e-07,2.091153916694566e-09,-13.8756685256958
20,theta,late,1.3,2.3,1.763589807524113e-07,1.097758417500927e-08,-6.064589500427246
21,theta,late,1.3,2.3,1.8338124618821894e-07,3.4593663489346227e-09,-12.684375762939453
22,theta,late,1.3,2.3,1.8055654038562352e-07,2.8831994569600283e-09,-10.979323387145996
23,theta,late,1.3,2.3,1.774741917870415e-07,3.0285089991366476e-08,-5.381771564483643
24,theta,late,1.3,2.3,2.27186561119197e-07,1.071081268122498e-08,-11.821548461914062
25,theta,late,1.3,2.3,1.9425657171723287e-07,1.5796201680018385e-08,-5.552348613739014
26,theta,late,1.3,2.3,2.1078092515836033e-07,2.433508949906127e-09,-15.733418464660645
27,theta,late,1.3,2.3,1.7863692391983932e-07,1.4954917304521587e-08,-5.320509433746338
28,theta,late,1.3,2.3,1.838171925783172e-07,8.280194307985766e-09,-8.816169738769531
29,theta,late,1.3,2.3,1.8161421166951186e-07,5.420610627027145e-09,-11.376165390014648
30,theta,late,1.3,2.3,1.787900316685409e-07,4.027432609632342e-08,-4.883339881896973
31,theta,late,1.3,2.3,1.8910353105638933e-07,1.043601294270502e-08,-11.764544486999512
32,theta,late,1.3,2.3,1.767208317460245e-07,7.704278104370132e-09,-10.846112251281738
33,theta,late,1.3,2.3,1.7654269868216943e-07,1.3734347881211306e-08,-8.801945686340332
34,theta,late,1.3,2.3,1.8126674206087046e-07,4.028519295928845e-09,-12.100868225097656
35,theta,late,1.3,2.3,1.7572212129834952e-07,2.798154152827692e-09,-10.759391784667969
36,theta,late,1.3,2.3,1.7393078621807945e-07,2.6623856452800965e-09,-11.15617847442627
37,theta,late,1.3,2.3,1.7431274557111465e-07,2.0588593052650594e-09,-12.909248352050781
38,theta,late,1.3,2.3,1.726903491316989e-07,4.374514972482757e-09,-8.30709171295166
39,theta,late,1.3,2.3,1.7056744638921373e-07,3.1511671050310497e-09,-10.664429664611816
40,theta,late,1.3,2.3,1.7470426882937318e-07,5.842696992885976e-09,-9.488192558288574
41,theta,late,1.3,2.3,1.733426557848361e-07,2.524526143687922e-09,-13.653617858886719
42,theta,late,1.3,2.3,1.6798759361336124e-07,3.8294358795099015e-09,-10.942479133605957
43,theta,late,1.3,2.3,1.652660586159982e-07,2.1029429309038505e-09,-12.683192253112793
44,theta,late,1.3,2.3,1.6875121389148262e-07,3.964271133582997e-09,-9.106453895568848
45,theta,late,1.3,2.3,1.7112844830080576e-07,2.768473894576573e-09,-12.37260913848877
46,theta,late,1.3,2.3,1.7894294046527648e-07,1.7755246162209914e-09,-14.701004981994629
47,theta,late,1.3,2.3,1.6772204958215298e-07,1.220120227074517e-09,-15.41178035736084
48,theta,late,1.3,2.3,1.390337729390012e-07,1.1235606889314909e-09,-13.99141788482666
49,theta,late,1.3,2.3,1.3428726219899545e-07,4.191766933558938e-09,-7.697885513305664
50,theta,late,1.3,2.3,1.4403063630652468e-07,7.02978875111171e-09,-6.797601699829102
51,theta,late,1.3,2.3,1.3917068031332747e-07,2.440948332349535e-09,-13.329943656921387
52,theta,late,1.3,2.3,1.40011934490758e-07,2.2808668287410683e-09,-12.209702491760254
53,theta,late,1.3,2.3,1.387412567055435e-07,2.9977740290121346e-09,-9.580466270446777
54,theta,late,1.3,2.3,1.4055736130558216e-07,2.5218911403612765e-09,-10.882780075073242
55,theta,late,1.3,2.3,1.3820613276038785e-07,1.5313011969553258e-09,-14.115957260131836
56,theta,late,1.3,2.3,1.394127338016915e-07,3.2180051956487432e-09,-10.01082992553711
57,theta,late,1.3,2.3,1.423721158744229e-07,1.91020355089222e-09,-11.870658874511719
58,theta,late,1.3,2.3,1.3824215727709088e-07,1.570697572006452e-09,-12.548473358154297
59,theta,late,1.3,2.3,1.40049806418574e-07,1.663072901614271e-09,-11.323987007141113
60,theta,late,1.3,2.3,1.3625354711166437e-07,1.3500416340406218e-09,-12.938132286071777
61,theta,late,1.3,2.3,1.393387947246083e-07,2.6040072320654417e-09,-10.843900680541992
62,theta,late,1.3,2.3,1.4359602573676966e-07,3.5112732721387374e-09,-11.201708793640137
63,theta,late,1.3,2.3,1.440650549966449e-07,4.3589580833724995e-09,-10.357470512390137
64,theta,late,1.3,2.3,1.4213770782589563e-07,2.613277372276457e-09,-11.389934539794922
65,theta,late,1.3,2.3,1.3918980812377413e-07,2.2521366993544234e-09,-13.115483283996582
66,theta,late,1.3,2.3,1.476379622999957e-07,1.189932041789632e-09,-15.410531997680664
67,theta,late,1.3,2.3,1.4024222139141784e-07,1.8479154872963477e-09,-12.116379737854004
68,theta,late,1.3,2.3,1.4220145772014803e-07,3.048866936694594e-09,-9.469734191894531
69,theta,late,1.3,2.3,1.4316678687009698e-07,1.268017357780593e-09,-13.839613914489746
70,theta,late,1.3,2.3,1.4622581545609137e-07,3.2644364988954067e-09,-10.232495307922363
71,theta,late,1.3,2.3,1.5151069021612784e-07,3.5323677316512203e-09,-11.522590637207031
72,theta,late,1.3,2.3,1.504946993691192e-07,1.7407572050487374e-09,-12.817617416381836
73,theta,late,1.3,2.3,1.4657977942533762e-07,1.898403878541899e-09,-12.194729804992676
74,theta,late,1.3,2.3,1.4618137811339693e-07,2.4006994170377993e-09,-11.466306686401367
0,alpha,early,0.3,1.3,2.9769207099406003e-09,1.4018251004443982e-09,-5.088656902313232
1,alpha,early,0.3,1.3,3.0609941248371797e-09,1.4776828649587515e-09,-5.469630718231201
2,alpha,early,0.3,1.3,4.345497295332734e-09,2.1629200652739655e-09,-5.817861557006836
3,alpha,early,0.3,1.3,3.3913400976359753e-09,3.2955271844770095e-09,-2.6536574363708496
4,alpha,early,0.3,1.3,4.538842635071205e-09,1.2559916440224583e-09,-8.214115142822266
5,alpha,early,0.3,1.3,2.9301017168137378e-09,1.8175655425167747e-09,-4.390697956085205
6,alpha,early,0.3,1.3,8.293980613416352e-09,2.494771500494153e-09,-8.541513442993164
7,alpha,early,0.3,1.3,2.979998470209466e-09,3.3307485658440328e-09,-1.583135962486267
8,alpha,early,0.3,1.3,6.053837431352349e-09,7.266861778987277e-09,-0.8265259861946106
9,alpha,early,0.3,1.3,6.418450659850805e-09,3.889049082772544e-09,-5.2310471534729
10,alpha,early,0.3,1.3,8.589539746139963e-09,2.8984636912809947e-09,-6.933436393737793
11,alpha,early,0.3,1.3,3.5607414794469605e-09,5.790977475328418e-09,-0.665665864944458
12,alpha,early,0.3,1.3,5.9377351924183586e-09,7.407825464156303e-10,-11.248205184936523
13,alpha,early,0.3,1.3,2.775078833394673e-09,5.719779760937627e-09,0.7366901636123657
14,alpha,early,0.3,1.3,1.557426010379004e-08,5.142322123674603e-09,-7.241183280944824
15,alpha,early,0.3,1.3,5.931062752040361e-09,5.817531345542193e-09,-1.7104370594024658
16,alpha,early,0.3,1.3,7.163297510714983e-09,7.595560291839831e-10,-11.149030685424805
17,alpha,early,0.3,1.3,2.413832911329905e-09,1.157329787560002e-09,-4.215427875518799
18,alpha,early,0.3,1.3,2.4222670536033775e-09,1.715777386834816e-08,6.477405548095703
19,alpha,early,0.3,1.3,6.2582619086981595e-09,2.0376413889522382e-09,-6.833722114562988
20,alpha,early,0.3,1.3,2.860382819491747e-09,1.9508197279805017e-09,-4.733517169952393
21,alpha,early,0.3,1.3,1.2538987625987374e-08,9.765009911788525e-10,-12.34408187866211
22,alpha,early,0.3,1.3,4.664416852762088e-09,5.226098220845188e-09,-3.3319780826568604
23,alpha,early,0.3,1.3,6.162511390073178e-09,6.070655533818581e-09,-1.8767549991607666
24,alpha,early,0.3,1.3,2.065734960865484e-08,5.4854636388768085e-09,-8.068045616149902
25,alpha,early,0.3,1.3,1.3118553354729556e-08,7.921392430887408e-09,-5.952334403991699
26,alpha,early,0.3,1.3,1.2829660001045795e-08,1.8627886788635806e-08,-3.8778936862945557
27,alpha,early,0.3,1.3,6.804889096656552e-09,5.403836045303478e-09,-2.9037439823150635
28,alpha,early,0.3,1.3,1.1511301245548111e-08,8.221497260763044e-09,-3.705528974533081
29,alpha,early,0.3,1.3,9.968997183307238e-09,3.730966202653008e-09,-6.011635780334473
30,alpha,early,0.3,1.3,1.0406614237012946e-08,1.0134766803560069e-08,-1.595517873764038
31,alpha,early,0.3,1.3,1.4336841047679627e-08,7.642712240851779e-09,-6.568442344665527
32,alpha,early,0.3,1.3,4.834560307642732e-09,1.7261966300807785e-09,-6.659953594207764
33,alpha,early,0.3,1.3,8.633405990110532e-09,3.9555565933824255e-08,0.5182434916496277
34,alpha,early,0.3,1.3,8.474348334175374e-09,1.87692728026434e-09,-8.36397647857666
35,alpha,early,0.3,1.3,4.16708934025678e-09,2.7597530927181424e-09,-5.03096866607666
36,alpha,early,0.3,1.3,4.325435565277758e-09,1.8042966010156647e-09,-6.462215423583984
37,alpha,early,0.3,1.3,7.222328068934303e-09,1.2652363601262095e-08,-1.6974979639053345
38,alpha,early,0.3,1.3,5.349478193750201e-09,1.2343645217072208e-08,-0.48740947246551514
39,alpha,early,0.3,1.3,1.0075344114568452e-08,2.6241011585881324e-09,-8.629812240600586
40,alpha,early,0.3,1.3,8.235050863447668e-09,7.919064515249374e-09,-1.9185855388641357
41,alpha,early,0.3,1.3,9.582704407762321e-09,3.914578439179195e-09,-6.519158840179443
42,alpha,early,0.3,1.3,6.47684261778636e-09,4.448152068903255e-09,-3.238612174987793
43,alpha,early,0.3,1.3,8.806711804254519e-09,8.664118311685343e-10,-10.654691696166992
44,alpha,early,0.3,1.3,3.5854998969853114e-09,1.6296130667114994e-08,4.265661239624023
45,alpha,early,0.3,1.3,1.041649166921843e-08,2.595292203366739e-09,-8.015857696533203
46,alpha,early,0.3,1.3,5.4276014793686045e-09,3.7327230195671746e-09,-4.068037986755371
47,alpha,early,0.3,1.3,8.622881075837086e-09,5.099763722427042e-09,-4.454797744750977
48,alpha,early,0.3,1.3,4.347338045107563e-09,2.763361317548174e-09,-6.015065670013428
49,alpha,early,0.3,1.3,3.6276441850446872e-09,2.3060273690589383e-09,-5.3776960372924805
50,alpha,early,0.3,1.3,2.943272736644076e-09,4.461954805634605e-09,-1.1706569194793701
51,alpha,early,0.3,1.3,4.906063555409901e-09,6.088525683622947e-09,-1.302773356437683
52,alpha,early,0.3,1.3,7.677431135277857e-09,1.0242824366457626e-08,-1.169726848602295
53,alpha,early,0.3,1.3,5.0481552271719465e-09,1.7376059480156414e-09,-6.150635719299316
54,alpha,early,0.3,1.3,3.82404996557284e-09,3.95493193749985e-09,-2.3073534965515137
55,alpha,early,0.3,1.3,6.957808551533162e-09,5.210447184822442e-09,-3.4701590538024902
56,alpha,early,0.3,1.3,7.1269163903764365e-09,7.225325893145396e-10,-11.5643949508667
57,alpha,early,0.3,1.3,3.405554505064856e-09,1.0444404230369742e-09,-7.1714558601379395
58,alpha,early,0.3,1.3,4.826119504031112e-09,3.0783180449134306e-09,-4.819714546203613
59,alpha,early,0.3,1.3,5.442436723512856e-09,6.038364919191963e-09,-2.099186658859253
60,alpha,early,0.3,1.3,3.596871689381942e-09,2.0203323458645173e-09,-6.395709991455078
61,alpha,early,0.3,1.3,3.0402025341658145e-09,5.730557361971478e-09,1.3258594274520874
62,alpha,early,0.3,1.3,5.288452786800235e-09,4.963974564731188e-09,-4.004089832305908
63,alpha,early,0.3,1.3,8.325179656765158e-09,2.9794049449805016e-09,-8.040186882019043
64,alpha,early,0.3,1.3,9.914176146708087e-09,1.399804161472673e-09,-10.091266632080078
65,alpha,early,0.3,1.3,2.839915635988177e-09,2.937490473087223e-09,-2.657223701477051
66,alpha,early,0.3,1.3,6.165063570762186e-09,5.862146768009779e-09,-2.9924871921539307
67,alpha,early,0.3,1.3,5.3750168760302586e-09,3.1187865623394373e-09,-5.530738353729248
68,alpha,early,0.3,1.3,2.9174131999099018e-09,2.524442876961075e-09,-3.6929566860198975
69,alpha,early,0.3,1.3,4.332682213004091e-09,1.331716514840764e-09,-7.68589448928833
70,alpha,early,0.3,1.3,4.47020331861836e-09,5.873175279447196e-09,-1.9067522287368774
71,alpha,early,0.3,1.3,1.1737873784056774e-08,3.1923901300245916e-09,-7.217190265655518
72,alpha,early,0.3,1.3,4.9890225284343614e-09,1.2759088230396287e-09,-8.566960334777832
73,alpha,early,0.3,1.3,3.4612721577786942e-09,8.367189163749345e-10,-7.898624420166016
74,alpha,early,0.3,1.3,2.8494810955237426e-09,2.5105286738380528e-09,-4.1068243980407715
0,alpha,late,1.3,2.3,2.9769207099406003e-09,9.290239133541434e-10,-7.5699262619018555
1,alpha,late,1.3,2.3,3.0609941248371797e-09,2.1736275002126604e-09,-3.747032642364502
2,alpha,late,1.3,2.3,4.345497295332734e-09,1.224169210445325e-09,-6.902339458465576
3,alpha,late,1.3,2.3,3.3913400976359753e-09,3.0325635336225787e-09,-3.2940561771392822
4,alpha,late,1.3,2.3,4.538842635071205e-09,9.455578542372223e-10,-9.418511390686035
5,alpha,late,1.3,2.3,2.9301017168137378e-09,3.3929632436979773e-09,-1.2366923093795776
6,alpha,late,1.3,2.3,8.293980613416352e-09,1.3981965585330158e-09,-11.426040649414062
7,alpha,late,1.3,2.3,2.979998470209466e-09,2.7282207604173436e-09,-3.0399627685546875
8,alpha,late,1.3,2.3,6.053837431352349e-09,3.01838709582114e-09,-5.247621536254883
9,alpha,late,1.3,2.3,6.418450659850805e-09,8.383724825478112e-09,-1.1563390493392944
10,alpha,late,1.3,2.3,8.589539746139963e-09,1.4738767983857315e-09,-10.928326606750488
11,alpha,late,1.3,2.3,3.5607414794469605e-09,3.738552578624876e-09,-1.4294276237487793
12,alpha,late,1.3,2.3,5.9377351924183586e-09,8.710320242855119e-10,-12.60972785949707
13,alpha,late,1.3,2.3,2.775078833394673e-09,1.737415900038286e-08,6.311801910400391
14,alpha,late,1.3,2.3,1.557426010379004e-08,3.489407429668745e-09,-7.83335018157959
15,alpha,late,1.3,2.3,5.931062752040361e-09,6.310479250259959e-09,-3.114363670349121
16,alpha,late,1.3,2.3,7.163297510714983e-09,7.225241516195524e-10,-11.651752471923828
17,alpha,late,1.3,2.3,2.413832911329905e-09,4.819567522851287e-10,-7.619149208068848
18,alpha,late,1.3,2.3,2.4222670536033775e-09,4.032580935842134e-09,1.4045307636260986
19,alpha,late,1.3,2.3,6.2582619086981595e-09,9.856416793851963e-10,-10.964129447937012
20,alpha,late,1.3,2.3,2.860382819491747e-09,1.4695789474217236e-08,4.72747802734375
21,alpha,late,1.3,2.3,1.2538987625987374e-08,2.4710575807773694e-09,-7.682543754577637
22,alpha,late,1.3,2.3,4.664416852762088e-09,4.783515361594937e-09,-1.798662781715393
23,alpha,late,1.3,2.3,6.162511390073178e-09,1.2972046548043181e-08,0.28709688782691956
24,alpha,late,1.3,2.3,2.065734960865484e-08,1.1016594747559338e-08,-5.641512870788574
25,alpha,late,1.3,2.3,1.3118553354729556e-08,1.1525364662645643e-08,-1.9831163883209229
26,alpha,late,1.3,2.3,1.2829660001045795e-08,4.63781324455681e-09,-7.082387447357178
27,alpha,late,1.3,2.3,6.804889096656552e-09,8.309729793154474e-09,-1.7954514026641846
28,alpha,late,1.3,2.3,1.1511301245548111e-08,6.905876759333296e-09,-3.896188497543335
29,alpha,late,1.3,2.3,9.968997183307238e-09,1.1004845035245125e-08,-2.2670812606811523
30,alpha,late,1.3,2.3,1.0406614237012946e-08,1.636799851212345e-08,-1.5549430847167969
31,alpha,late,1.3,2.3,1.4336841047679627e-08,2.742821747503399e-09,-9.784078598022461
32,alpha,late,1.3,2.3,4.834560307642732e-09,2.6891602278311666e-09,-7.060604572296143
33,alpha,late,1.3,2.3,8.633405990110532e-09,7.426669057508661e-09,-4.476391792297363
34,alpha,late,1.3,2.3,8.474348334175374e-09,2.5725563901346504e-09,-7.841641426086426
35,alpha,late,1.3,2.3,4.16708934025678e-09,2.742899019025913e-09,-3.5034656524658203
36,alpha,late,1.3,2.3,4.325435565277758e-09,6.920486850248153e-09,-1.2576504945755005
37,alpha,late,1.3,2.3,7.222328068934303e-09,3.955059391103077e-09,-6.370257377624512
38,alpha,late,1.3,2.3,5.349478193750201e-09,7.84505971296312e-09,-1.187192678451538
39,alpha,late,1.3,2.3,1.0075344114568452e-08,7.1384200772683926e-09,-4.434589862823486
40,alpha,late,1.3,2.3,8.235050863447668e-09,9.099088593700344e-09,-1.507051706314087
41,alpha,late,1.3,2.3,9.582704407762321e-09,4.584891133418978e-09,-6.361780643463135
42,alpha,late,1.3,2.3,6.47684261778636e-09,9.966598213395628e-09,-2.561049222946167
43,alpha,late,1.3,2.3,8.806711804254519e-09,1.1242070607764276e-09,-11.332727432250977
44,alpha,late,1.3,2.3,3.5854998969853114e-09,1.0621254986631357e-08,0.014169919304549694
45,alpha,late,1.3,2.3,1.041649166921843e-08,3.7321044032978534e-09,-8.164119720458984
46,alpha,late,1.3,2.3,5.4276014793686045e-09,5.2246096338137704e-09,-1.5108006000518799
47,alpha,late,1.3,2.3,8.622881075837086e-09,2.755042194380053e-09,-7.504645347595215
48,alpha,late,1.3,2.3,4.347338045107563e-09,2.2448440883948706e-09,-6.86353874206543
49,alpha,late,1.3,2.3,3.6276441850446872e-09,1.681547345810941e-09,-5.049564361572266
50,alpha,late,1.3,2.3,2.943272736644076e-09,4.469737913126437e-09,-2.118992328643799
51,alpha,late,1.3,2.3,4.906063555409901e-09,4.986604906775938e-09,-1.7764874696731567
52,alpha,late,1.3,2.3,7.677431135277857e-09,3.5047562629841877e-09,-6.553952693939209
53,alpha,late,1.3,2.3,5.0481552271719465e-09,2.854506631067011e-09,-4.140832424163818
54,alpha,late,1.3,2.3,3.82404996557284e-09,3.645084456493919e-09,-2.892598867416382
55,alpha,late,1.3,2.3,6.957808551533162e-09,2.8668316609525846e-09,-6.515954494476318
56,alpha,late,1.3,2.3,7.1269163903764365e-09,1.7997628942723054e-09,-8.177712440490723
57,alpha,late,1.3,2.3,3.405554505064856e-09,2.53765253255267e-09,-3.5992743968963623
58,alpha,late,1.3,2.3,4.826119504031112e-09,4.835052358487246e-09,-1.2088748216629028
59,alpha,late,1.3,2.3,5.442436723512856e-09,2.1889583479151042e-09,-6.691351890563965
60,alpha,late,1.3,2.3,3.596871689381942e-09,1.2348271294371216e-09,-7.60491943359375
61,alpha,late,1.3,2.3,3.0402025341658145e-09,3.74331099450842e-09,-0.002451125532388687
62,alpha,late,1.3,2.3,5.288452786800235e-09,4.256055952112092e-09,-2.5831706523895264
63,alpha,late,1.3,2.3,8.325179656765158e-09,9.070268092159495e-09,-2.1518313884735107
64,alpha,late,1.3,2.3,9.914176146708087e-09,1.0897396318654273e-09,-12.46854305267334
65,alpha,late,1.3,2.3,2.839915635988177e-09,4.38380665102045e-09,0.6638144850730896
66,alpha,late,1.3,2.3,6.165063570762186e-09,3.981229124150332e-09,-5.085838317871094
67,alpha,late,1.3,2.3,5.3750168760302586e-09,1.4532768322084166e-09,-7.29793643951416
68,alpha,late,1.3,2.3,2.9174131999099018e-09,3.734373699160187e-09,-1.061328411102295
69,alpha,late,1.3,2.3,4.332682213004091e-09,3.256263703121931e-09,-3.3252429962158203
70,alpha,late,1.3,2.3,4.47020331861836e-09,6.2623484176072e-09,-1.088300108909607
71,alpha,late,1.3,2.3,1.1737873784056774e-08,4.341653703221482e-09,-6.272261619567871
72,alpha,late,1.3,2.3,4.9890225284343614e-09,1.7572405752730447e-09,-7.7585577964782715
73,alpha,late,1.3,2.3,3.4612721577786942e-09,1.3703137513587649e-09,-6.770064353942871
74,alpha,late,1.3,2.3,2.8494810955237426e-09,2.925196085357129e-09,-1.632201910018921
0,beta,early,0.3,1.3,3.584598451400467e-10,3.321319885785101e-10,-1.2293883562088013
1,beta,early,0.3,1.3,5.277446257778706e-10,2.214606553696541e-10,-3.919342517852783
2,beta,early,0.3,1.3,4.120161989362714e-10,2.1843180042502297e-10,-2.4671473503112793
3,beta,early,0.3,1.3,3.964231998221379e-10,1.8502842313861123e-10,-3.12735915184021
4,beta,early,0.3,1.3,4.1090300606505537e-10,1.6233822619504679e-10,-3.5032243728637695
5,beta,early,0.3,1.3,3.9999109580080017e-10,1.4876128107133013e-10,-4.427865982055664
6,beta,early,0.3,1.3,5.099723421331248e-10,2.2725257786682107e-10,-3.8591558933258057
7,beta,early,0.3,1.3,4.066252612400234e-10,2.163888512818346e-10,-2.8255200386047363
8,beta,early,0.3,1.3,4.4391734732585064e-10,2.765657980408065e-10,-2.654317617416382
9,beta,early,0.3,1.3,5.496690325124121e-10,1.7283556530411914e-10,-5.694397926330566
10,beta,early,0.3,1.3,6.049069578573096e-10,2.383142849726738e-10,-4.60846471786499
11,beta,early,0.3,1.3,3.841008344718233e-10,3.6415281901014396e-10,-0.5623498558998108
12,beta,early,0.3,1.3,5.06533814892407e-10,1.8786110167479109e-10,-3.204648733139038
13,beta,early,0.3,1.3,3.5759770145027403e-10,3.2658994952861065e-10,-0.3054295480251312
14,beta,early,0.3,1.3,6.642225103270505e-10,2.205967075674664e-10,-6.268017768859863
15,beta,early,0.3,1.3,5.192398178088808e-10,2.4536753184811744e-10,-4.034531593322754
16,beta,early,0.3,1.3,5.764195232238478e-10,1.1651300757531402e-10,-7.0857977867126465
17,beta,early,0.3,1.3,3.4826727612902175e-10,1.413860417631696e-10,-3.2378153800964355
18,beta,early,0.3,1.3,3.346301569173704e-10,3.7445850864514796e-09,9.20764446258545
19,beta,early,0.3,1.3,8.361764614051026e-10,2.9465813122797613e-10,-7.397008419036865
20,beta,early,0.3,1.3,3.6982328310841694e-10,2.0823140434167442e-10,-2.890568971633911
21,beta,early,0.3,1.3,6.90371870781803e-10,1.7063084278845508e-10,-5.972228050231934
22,beta,early,0.3,1.3,4.786695484426673e-10,3.00830971244892e-10,-2.899174213409424
23,beta,early,0.3,1.3,4.774499129389653e-10,5.687291748657231e-10,-0.602059006690979
24,beta,early,0.3,1.3,3.888519284345193e-09,3.3565400459067973e-10,-13.339180946350098
25,beta,early,0.3,1.3,1.1750980188907079e-09,6.777857719519886e-10,-4.878635406494141
26,beta,early,0.3,1.3,1.0613904199985313e-09,5.578006501139043e-09,-1.0279948711395264
27,beta,early,0.3,1.3,5.079216491843397e-10,4.6064246861377e-10,-1.2510915994644165
28,beta,early,0.3,1.3,7.920245570502971e-10,5.126665758581339e-10,-3.5060911178588867
29,beta,early,0.3,1.3,1.6482847309262638e-09,5.984226447708352e-10,-6.409160137176514
30,beta,early,0.3,1.3,1.124909498884108e-09,1.6317336370974544e-09,-1.0830744504928589
31,beta,early,0.3,1.3,1.2843142105367633e-09,6.72494171460869e-10,-3.9496281147003174
32,beta,early,0.3,1.3,9.016461466337944e-10,5.628268961999083e-10,-3.4652717113494873
33,beta,early,0.3,1.3,1.255567427804749e-09,4.079742765839001e-09,-1.1545172929763794
34,beta,early,0.3,1.3,1.4131981140863559e-09,1.8175415339438672e-10,-10.966859817504883
35,beta,early,0.3,1.3,5.272226544228431e-10,3.460142450339987e-10,-2.8928894996643066
36,beta,early,0.3,1.3,5.139084713334796e-10,3.865094910793232e-10,-2.2742457389831543
37,beta,early,0.3,1.3,5.032493866075072e-10,9.030528547171457e-10,-0.7856318354606628
38,beta,early,0.3,1.3,4.4952264133257813e-10,5.646815792736959e-10,-0.6302642226219177
39,beta,early,0.3,1.3,5.874569719566125e-10,2.7913868438922407e-10,-3.9788076877593994
40,beta,early,0.3,1.3,5.543158709819807e-10,5.803344471644323e-10,-0.25317052006721497
41,beta,early,0.3,1.3,4.914756934759623e-10,1.813046379695038e-10,-5.113051891326904
42,beta,early,0.3,1.3,4.803058506475111e-10,1.7290699427796596e-10,-5.41857385635376
43,beta,early,0.3,1.3,5.009950787560058e-10,1.4872228448759017e-10,-5.18559455871582
44,beta,early,0.3,1.3,4.0525915956379777e-10,5.864387864207288e-10,0.2340872436761856
45,beta,early,0.3,1.3,6.13857187303779e-10,2.2414740896703478e-10,-4.927894115447998
46,beta,early,0.3,1.3,5.919308376789445e-10,3.2718486253635604e-10,-5.919972896575928
47,beta,early,0.3,1.3,4.4084891293039163e-10,3.434477424679727e-10,-2.0129482746124268
48,beta,early,0.3,1.3,3.888939725804619e-10,1.9889039026832478e-10,-4.602530479431152
49,beta,early,0.3,1.3,4.037615797258809e-10,2.959323341933384e-10,-2.099639654159546
50,beta,early,0.3,1.3,4.2548589651580926e-10,3.300389128657599e-10,-2.979487180709839
51,beta,early,0.3,1.3,5.537857949988734e-10,1.9290516406478275e-10,-5.3159613609313965
52,beta,early,0.3,1.3,4.280034660020249e-10,4.0776851339963116e-10,-1.4203687906265259
53,beta,early,0.3,1.3,3.577791118924978e-10,2.0976355374902056e-10,-2.6322286128997803
54,beta,early,0.3,1.3,3.7484204629123496e-10,2.4319049551912997e-10,-2.4933834075927734
55,beta,early,0.3,1.3,4.949364806883239e-10,2.9723715155860475e-10,-3.0430080890655518
56,beta,early,0.3,1.3,4.329927805191147e-10,1.5671283715157358e-10,-5.631954669952393
57,beta,early,0.3,1.3,7.555094327926781e-10,2.3810478588792705e-10,-7.273024559020996
58,beta,early,0.3,1.3,5.072585129717311e-10,2.267752791107469e-10,-4.951401233673096
59,beta,early,0.3,1.3,4.972681155734904e-10,2.222337175394884e-10,-4.895965576171875
60,beta,early,0.3,1.3,4.145996324034229e-10,3.343743892880724e-10,-2.859829902648926
61,beta,early,0.3,1.3,3.476456345019585e-10,2.654024222614737e-10,-1.4387491941452026
62,beta,early,0.3,1.3,5.520333634656538e-10,2.0611901074829575e-10,-6.194782733917236
63,beta,early,0.3,1.3,5.413682280241972e-10,2.489299599783834e-10,-4.3905415534973145
64,beta,early,0.3,1.3,5.523259627437938e-10,1.5705113598496467e-10,-6.055325031280518
65,beta,early,0.3,1.3,3.25898363850996e-10,1.8206892937744357e-10,-2.8960118293762207
66,beta,early,0.3,1.3,5.149052295649881e-10,2.289083228523836e-10,-4.99575662612915
67,beta,early,0.3,1.3,4.020405675042582e-10,2.2263237087205567e-10,-2.76344895362854
68,beta,early,0.3,1.3,4.2370890129816985e-10,2.1002458105989774e-10,-5.187722682952881
69,beta,early,0.3,1.3,4.1065506550808095e-10,2.718809621882201e-10,-3.5033109188079834
70,beta,early,0.3,1.3,5.655921286873422e-10,2.1784037074201734e-10,-4.249696731567383
71,beta,early,0.3,1.3,6.578513289667853e-10,4.178032086965544e-10,-3.5678117275238037
72,beta,early,0.3,1.3,3.559383898732449e-10,1.4318472796315262e-10,-4.105127334594727
73,beta,early,0.3,1.3,3.632198153358246e-10,1.6846379846668924e-10,-3.0282351970672607
74,beta,early,0.3,1.3,3.973724127526168e-10,2.3108003011085287e-10,-2.1658031940460205
0,beta,late,1.3,2.3,3.584598451400467e-10,3.248452062898366e-10,-1.2167001962661743
1,beta,late,1.3,2.3,5.277446257778706e-10,2.147299699162275e-10,-4.519535064697266
2,beta,late,1.3,2.3,4.120161989362714e-10,1.819377426492963e-10,-3.3310203552246094
3,beta,late,1.3,2.3,3.964231998221379e-10,2.3181119523929539e-10,-3.053532600402832
4,beta,late,1.3,2.3,4.1090300606505537e-10,1.6451327800037774e-10,-3.4985718727111816
5,beta,late,1.3,2.3,3.9999109580080017e-10,2.1247049952766162e-10,-3.4474267959594727
6,beta,late,1.3,2.3,5.099723421331248e-10,1.7323475987041093e-10,-4.666543006896973
7,beta,late,1.3,2.3,4.066252612400234e-10,2.1360622992627754e-10,-2.455218553543091
8,beta,late,1.3,2.3,4.4391734732585064e-10,3.492636457824716e-10,-1.51155686378479
9,beta,late,1.3,2.3,5.496690325124121e-10,4.071853687559468e-10,-2.5285394191741943
10,beta,late,1.3,2.3,6.049069578573096e-10,1.6026191484996843e-10,-6.077540397644043
11,beta,late,1.3,2.3,3.841008344718233e-10,2.862211023746397e-10,-1.4124574661254883
12,beta,late,1.3,2.3,5.06533814892407e-10,1.5536662234527654e-10,-4.339732646942139
13,beta,late,1.3,2.3,3.5759770145027403e-10,5.17515641451638e-10,0.4690607190132141
14,beta,late,1.3,2.3,6.642225103270505e-10,2.772493623570682e-10,-4.940910816192627
15,beta,late,1.3,2.3,5.192398178088808e-10,4.0116052146821346e-10,-2.481367588043213
16,beta,late,1.3,2.3,5.764195232238478e-10,1.4162018779906305e-10,-5.944577693939209
17,beta,late,1.3,2.3,3.4826727612902175e-10,1.1991184434290147e-10,-3.8424506187438965
18,beta,late,1.3,2.3,3.346301569173704e-10,6.605296865025423e-10,2.128300428390503
19,beta,late,1.3,2.3,8.361764614051026e-10,1.3949760790943344e-10,-8.571158409118652
20,beta,late,1.3,2.3,3.6982328310841694e-10,6.132481744636209e-10,0.8327522873878479
21,beta,late,1.3,2.3,6.90371870781803e-10,2.5126870029090753e-10,-4.133583068847656
22,beta,late,1.3,2.3,4.786695484426673e-10,3.1684163626088946e-10,-2.4294135570526123
23,beta,late,1.3,2.3,4.774499129389653e-10,1.526023973852375e-09,0.019895868375897408
24,beta,late,1.3,2.3,3.888519284345193e-09,1.1190327553478596e-09,-9.251887321472168
25,beta,late,1.3,2.3,1.1750980188907079e-09,8.057470246569665e-10,-3.016706943511963
26,beta,late,1.3,2.3,1.0613904199985313e-09,3.017745497935209e-10,-6.874279022216797
27,beta,late,1.3,2.3,5.079216491843397e-10,5.838526884183182e-10,-0.4795067012310028
28,beta,late,1.3,2.3,7.920245570502971e-10,1.1145498968190282e-09,-1.6250033378601074
29,beta,late,1.3,2.3,1.6482847309262638e-09,9.841962800294368e-10,-5.183647155761719
30,beta,late,1.3,2.3,1.124909498884108e-09,1.368767432730067e-09,-4.017602443695068
31,beta,late,1.3,2.3,1.2843142105367633e-09,7.879038532720983e-10,-5.293329238891602
32,beta,late,1.3,2.3,9.016461466337944e-10,6.111159356336771e-10,-2.8591582775115967
33,beta,late,1.3,2.3,1.255567427804749e-09,1.2388410297603514e-09,-2.8811614513397217
34,beta,late,1.3,2.3,1.4131981140863559e-09,2.839079527028332e-10,-8.806524276733398
35,beta,late,1.3,2.3,5.272226544228431e-10,3.1024868785145543e-10,-4.123136520385742
36,beta,late,1.3,2.3,5.139084713334796e-10,3.2905020375118e-10,-3.4426181316375732
37,beta,late,1.3,2.3,5.032493866075072e-10,2.605441973280165e-10,-3.7007641792297363
38,beta,late,1.3,2.3,4.4952264133257813e-10,3.9127115436521365e-10,-1.318336009979248
39,beta,late,1.3,2.3,5.874569719566125e-10,3.5884639704164556e-10,-3.998716115951538
40,beta,late,1.3,2.3,5.543158709819807e-10,3.323667174814915e-10,-2.1309216022491455
41,beta,late,1.3,2.3,4.914756934759623e-10,2.921713149195426e-10,-4.389059543609619
42,beta,late,1.3,2.3,4.803058506475111e-10,3.653860547458976e-10,-2.710928201675415
43,beta,late,1.3,2.3,5.009950787560058e-10,2.0153524682431367e-10,-4.075740814208984
44,beta,late,1.3,2.3,4.0525915956379777e-10,4.59733917601568e-10,-0.39959990978240967
45,beta,late,1.3,2.3,6.13857187303779e-10,2.1137448735775166e-10,-4.725221633911133
46,beta,late,1.3,2.3,5.919308376789445e-10,2.0042022208510701e-10,-6.6046142578125
47,beta,late,1.3,2.3,4.4084891293039163e-10,1.885219480524114e-10,-4.165091514587402
48,beta,late,1.3,2.3,3.888939725804619e-10,1.989699793814026e-10,-4.113391399383545
49,beta,late,1.3,2.3,4.037615797258809e-10,2.3821830619219497e-10,-3.1461050510406494
50,beta,late,1.3,2.3,4.2548589651580926e-10,4.389767160883906e-10,-3.032407760620117
51,beta,late,1.3,2.3,5.537857949988734e-10,2.5761190403095213e-10,-3.5408966541290283
52,beta,late,1.3,2.3,4.280034660020249e-10,2.0563345470847594e-10,-4.008774757385254
53,beta,late,1.3,2.3,3.577791118924978e-10,2.3038866647784317e-10,-2.937662363052368
54,beta,late,1.3,2.3,3.7484204629123496e-10,2.5193189201466737e-10,-3.309539794921875
55,beta,late,1.3,2.3,4.949364806883239e-10,2.0931063826612473e-10,-3.691669464111328
56,beta,late,1.3,2.3,4.329927805191147e-10,6.338702340791258e-10,-1.9640439748764038
57,beta,late,1.3,2.3,7.555094327926781e-10,2.855812530899726e-10,-7.054781436920166
58,beta,late,1.3,2.3,5.072585129717311e-10,3.9848596644631584e-10,-2.8190691471099854
59,beta,late,1.3,2.3,4.972681155734904e-10,2.3705376550609003e-10,-4.1292643547058105
60,beta,late,1.3,2.3,4.145996324034229e-10,1.5970004485499345e-10,-4.9783196449279785
61,beta,late,1.3,2.3,3.476456345019585e-10,2.854986524969405e-10,-2.0675723552703857
62,beta,late,1.3,2.3,5.520333634656538e-10,3.4865244025183983e-10,-3.7246837615966797
63,beta,late,1.3,2.3,5.413682280241972e-10,3.925374747471011e-10,-3.2746927738189697
64,beta,late,1.3,2.3,5.523259627437938e-10,1.3046438929187332e-10,-6.43972635269165
65,beta,late,1.3,2.3,3.25898363850996e-10,2.7502106147991867e-10,-1.1226223707199097
66,beta,late,1.3,2.3,5.149052295649881e-10,2.1212499812239827e-10,-5.258040428161621
67,beta,late,1.3,2.3,4.020405675042582e-10,3.032616935350063e-10,-2.5071632862091064
68,beta,late,1.3,2.3,4.2370890129816985e-10,2.7192331719660956e-10,-3.2015907764434814
69,beta,late,1.3,2.3,4.1065506550808095e-10,3.895398725806132e-10,-2.6053545475006104
70,beta,late,1.3,2.3,5.655921286873422e-10,5.302031591547518e-10,-1.7225385904312134
71,beta,late,1.3,2.3,6.578513289667853e-10,2.019862055391286e-10,-5.1077799797058105
72,beta,late,1.3,2.3,3.559383898732449e-10,2.0193675898116936e-10,-3.2723984718322754
73,beta,late,1.3,2.3,3.632198153358246e-10,2.237078994271613e-10,-2.5763232707977295
74,beta,late,1.3,2.3,3.973724127526168e-10,2.808215882055265e-10,-2.044015645980835
0,low_gamma,early,0.3,1.3,5.967411287333135e-11,8.722277761163966e-11,-1.2952284812927246
1,low_gamma,early,0.3,1.3,1.1067331773251254e-10,9.079043072901527e-11,-3.295815944671631
2,low_gamma,early,0.3,1.3,6.551909709218151e-11,8.907163201454793e-11,-1.2667579650878906
3,low_gamma,early,0.3,1.3,6.226202192705088e-11,6.984628847517271e-11,-1.8638938665390015
4,low_gamma,early,0.3,1.3,5.995658830526551e-11,4.184609603274936e-11,-3.8102686405181885
5,low_gamma,early,0.3,1.3,6.014732462089611e-11,4.4092562934139323e-11,-3.5385818481445312
6,low_gamma,early,0.3,1.3,7.622073805446661e-11,4.5664427100744476e-11,-4.798386096954346
7,low_gamma,early,0.3,1.3,7.013154640356234e-11,7.226089171474825e-11,-1.6012107133865356
8,low_gamma,early,0.3,1.3,6.733206353581878e-11,8.278228103009155e-11,-1.684683918952942
9,low_gamma,early,0.3,1.3,7.863722867318401e-11,6.049222928128373e-11,-3.3261911869049072
10,low_gamma,early,0.3,1.3,7.222292902619998e-11,5.5117604924603825e-11,-3.5861122608184814
11,low_gamma,early,0.3,1.3,5.898302679607781e-11,9.165639774932899e-11,-0.24373915791511536
12,low_gamma,early,0.3,1.3,9.152170687976025e-11,8.790150551885034e-11,-2.2293686866760254
13,low_gamma,early,0.3,1.3,6.172047595232044e-11,6.206110625406325e-11,-2.209347724914551
14,low_gamma,early,0.3,1.3,6.891396481245593e-11,5.0292308512167594e-11,-3.631395101547241
15,low_gamma,early,0.3,1.3,6.680378472623261e-11,6.307999261823127e-11,-2.798351764678955
16,low_gamma,early,0.3,1.3,8.16486322996468e-11,5.122715446281845e-11,-4.160811901092529
17,low_gamma,early,0.3,1.3,6.76036379654299e-11,6.059525797796894e-11,-2.5713703632354736
18,low_gamma,early,0.3,1.3,5.4885193612186356e-11,1.735131038849147e-09,8.721786499023438
19,low_gamma,early,0.3,1.3,1.4459969333024958e-10,1.0089212104658074e-10,-4.730661869049072
20,low_gamma,early,0.3,1.3,8.033970710918936e-11,6.545630704124505e-11,-3.51846981048584
21,low_gamma,early,0.3,1.3,8.393147982177496e-11,6.409725528122578e-11,-3.3125317096710205
22,low_gamma,early,0.3,1.3,7.886248598598655e-11,6.34389624165621e-11,-3.673332452774048
23,low_gamma,early,0.3,1.3,7.802994361760796e-11,1.0455581539448033e-10,-1.927125334739685
24,low_gamma,early,0.3,1.3,1.3800522946638694e-09,8.19556714160008e-11,-14.797126770019531
25,low_gamma,early,0.3,1.3,2.2277757416588884e-10,1.2297848850373327e-10,-5.033702373504639
26,low_gamma,early,0.3,1.3,1.3443986202066327e-10,2.0545238843538982e-09,1.5960428714752197
27,low_gamma,early,0.3,1.3,8.661263373177519e-11,1.114546371860925e-10,-1.5143256187438965
28,low_gamma,early,0.3,1.3,2.171828689112587e-10,1.198374594002516e-10,-5.531999111175537
29,low_gamma,early,0.3,1.3,3.480810362166409e-10,2.2314844416726487e-10,-5.0118021965026855
30,low_gamma,early,0.3,1.3,3.0991750832320974e-10,5.943894265669769e-10,-0.9072781205177307
31,low_gamma,early,0.3,1.3,2.2186402715007603e-10,1.9552426344660034e-10,-2.9376089572906494
32,low_gamma,early,0.3,1.3,2.0129282962688677e-10,1.8759377384824916e-10,-3.364569664001465
33,low_gamma,early,0.3,1.3,3.369986789625301e-10,7.584329275722723e-10,-2.1205878257751465
34,low_gamma,early,0.3,1.3,4.857035884597849e-10,1.0706770886548256e-10,-8.96210765838623
35,low_gamma,early,0.3,1.3,1.2582522523896245e-10,1.1895319451671327e-10,-2.6673197746276855
36,low_gamma,early,0.3,1.3,9.466668421387325e-11,1.8218170028116987e-10,-0.429325670003891
37,low_gamma,early,0.3,1.3,1.0260425148400643e-10,1.701759011485393e-10,-1.0539621114730835
38,low_gamma,early,0.3,1.3,8.393560846364778e-11,9.028777725461623e-11,-2.8207855224609375
39,low_gamma,early,0.3,1.3,7.017974396061888e-11,9.939664369351675e-11,-1.4085294008255005
40,low_gamma,early,0.3,1.3,5.702458644174513e-11,1.1027048718581511e-10,0.8299641013145447
41,low_gamma,early,0.3,1.3,9.4537662420624e-11,4.992351324006883e-11,-5.203935623168945
42,low_gamma,early,0.3,1.3,5.553578777406365e-11,4.0763101227803133e-11,-3.914419174194336
43,low_gamma,early,0.3,1.3,6.707487343327045e-11,5.333715760724722e-11,-3.056293487548828
44,low_gamma,early,0.3,1.3,8.394927808463848e-11,7.149420638841164e-11,-2.7418618202209473
45,low_gamma,early,0.3,1.3,7.745500768541191e-11,6.639212790648941e-11,-2.8301475048065186
46,low_gamma,early,0.3,1.3,8.999101464013393e-11,9.355314439796203e-11,-4.052644729614258
47,low_gamma,early,0.3,1.3,5.833464267190891e-11,9.688216895398227e-11,-1.1621166467666626
48,low_gamma,early,0.3,1.3,7.793540118816722e-11,6.204561170397582e-11,-3.5673229694366455
49,low_gamma,early,0.3,1.3,7.208216662446532e-11,7.938287527320398e-11,-1.9463516473770142
50,low_gamma,early,0.3,1.3,1.0936141575657032e-10,8.195255585263794e-11,-3.898662567138672
51,low_gamma,early,0.3,1.3,6.432492732910688e-11,5.22353445220336e-11,-3.433509349822998
52,low_gamma,early,0.3,1.3,5.010135015193207e-11,1.3358511519179217e-10,0.16289889812469482
53,low_gamma,early,0.3,1.3,5.198277225337833e-11,7.628001008619378e-11,-1.3701748847961426
54,low_gamma,early,0.3,1.3,5.4625536732855196e-11,7.207033581035915e-11,-1.3833931684494019
55,low_gamma,early,0.3,1.3,5.116701159990633e-11,6.51518214378477e-11,-2.139000654220581
56,low_gamma,early,0.3,1.3,7.24865167889277e-11,6.80634368310784e-11,-2.623187780380249
57,low_gamma,early,0.3,1.3,2.795539633115851e-10,1.0977306563741962e-10,-7.469482421875
58,low_gamma,early,0.3,1.3,1.0347753209849486e-10,6.226143212106905e-11,-5.170708656311035
59,low_gamma,early,0.3,1.3,8.994433670084234e-11,5.1694964281479017e-11,-5.108480930328369
60,low_gamma,early,0.3,1.3,9.365596492783013e-11,1.0785981829908309e-10,-4.074502468109131
61,low_gamma,early,0.3,1.3,5.190311028191452e-11,9.118620442061243e-11,0.034219175577163696
62,low_gamma,early,0.3,1.3,1.568480206826095e-10,6.355733300766886e-11,-6.354868412017822
63,low_gamma,early,0.3,1.3,8.569550624670796e-11,1.2221243461674192e-10,-2.334054946899414
64,low_gamma,early,0.3,1.3,7.532249823860582e-11,5.898915383939496e-11,-3.0349247455596924
65,low_gamma,early,0.3,1.3,6.602117463838653e-11,7.824407094458863e-11,-1.9929784536361694
66,low_gamma,early,0.3,1.3,8.153910185937363e-11,5.4365845159054516e-11,-4.521308422088623
67,low_gamma,early,0.3,1.3,6.443605371497796e-11,9.012684348830291e-11,-1.7935858964920044
68,low_gamma,early,0.3,1.3,9.99801214041085e-11,5.210097631103139e-11,-6.08453893661499
69,low_gamma,early,0.3,1.3,9.067104705939855e-11,7.623911918441806e-11,-3.2767038345336914
70,low_gamma,early,0.3,1.3,8.889351060803463e-11,6.344261921364946e-11,-3.7461276054382324
71,low_gamma,early,0.3,1.3,9.333982198267421e-11,1.6391268897741895e-10,-2.618643045425415
72,low_gamma,early,0.3,1.3,7.136836954746428e-11,5.170152847511211e-11,-3.660252571105957
73,low_gamma,early,0.3,1.3,5.038148370717366e-11,7.197711177076016e-11,-1.2577612400054932
74,low_gamma,early,0.3,1.3,9.320919036603925e-11,7.346786373707559e-11,-3.857238292694092
0,low_gamma,late,1.3,2.3,5.967411287333135e-11,9.476860268753384e-11,-1.7884304523468018
1,low_gamma,late,1.3,2.3,1.1067331773251254e-10,6.776336436420394e-11,-3.978686571121216
2,low_gamma,late,1.3,2.3,6.551909709218151e-11,6.325204249257865e-11,-2.663051128387451
3,low_gamma,late,1.3,2.3,6.226202192705088e-11,6.391144558026696e-11,-2.3414618968963623
4,low_gamma,late,1.3,2.3,5.995658830526551e-11,6.420423220854232e-11,-1.6218626499176025
5,low_gamma,late,1.3,2.3,6.014732462089611e-11,7.469976720519966e-11,-1.306631088256836
6,low_gamma,late,1.3,2.3,7.622073805446661e-11,6.62264271200641e-11,-3.6708853244781494
7,low_gamma,late,1.3,2.3,7.013154640356234e-11,5.667004018827804e-11,-2.9960055351257324
8,low_gamma,late,1.3,2.3,6.733206353581878e-11,7.043386013316777e-11,-2.197768211364746
9,low_gamma,late,1.3,2.3,7.863722867318401e-11,6.806630259426072e-11,-2.7866358757019043
10,low_gamma,late,1.3,2.3,7.222292902619998e-11,5.201834796242366e-11,-4.098114013671875
11,low_gamma,late,1.3,2.3,5.898302679607781e-11,8.955340635719011e-11,-0.7586497664451599
12,low_gamma,late,1.3,2.3,9.152170687976025e-11,5.7838567268930774e-11,-4.557282447814941
13,low_gamma,late,1.3,2.3,6.172047595232044e-11,7.97874613600591e-11,-1.2345855236053467
14,low_gamma,late,1.3,2.3,6.891396481245593e-11,6.373969407835745e-11,-2.2595722675323486
15,low_gamma,late,1.3,2.3,6.680378472623261e-11,8.728062717011653e-11,-1.496129035949707
16,low_gamma,late,1.3,2.3,8.16486322996468e-11,7.513312194618038e-11,-2.642086982727051
17,low_gamma,late,1.3,2.3,6.76036379654299e-11,5.2281595719350094e-11,-3.3221919536590576
18,low_gamma,late,1.3,2.3,5.4885193612186356e-11,1.390578346915916e-10,1.4371328353881836
19,low_gamma,late,1.3,2.3,1.4459969333024958e-10,8.170902843218641e-11,-5.278177261352539
20,low_gamma,late,1.3,2.3,8.033970710918936e-11,9.204547540830887e-11,-1.8988583087921143
21,low_gamma,late,1.3,2.3,8.393147982177496e-11,8.22483539608676e-11,-2.32843279838562
22,low_gamma,late,1.3,2.3,7.886248598598655e-11,8.366560916295285e-11,-2.275529623031616
23,low_gamma,late,1.3,2.3,7.802994361760796e-11,2.773276608358799e-10,-0.8412089347839355
24,low_gamma,late,1.3,2.3,1.3800522946638694e-09,2.0041063253373181e-10,-11.660405158996582
25,low_gamma,late,1.3,2.3,2.2277757416588884e-10,1.2635034685182234e-10,-4.851191997528076
26,low_gamma,late,1.3,2.3,1.3443986202066327e-10,9.145363633056292e-11,-3.98492169380188
27,low_gamma,late,1.3,2.3,8.661263373177519e-11,2.447606006761305e-10,0.2684691846370697
28,low_gamma,late,1.3,2.3,2.171828689112587e-10,2.349843930549156e-10,-2.8919591903686523
29,low_gamma,late,1.3,2.3,3.480810362166409e-10,3.5301767065121226e-10,-3.8973748683929443
30,low_gamma,late,1.3,2.3,3.0991750832320974e-10,2.5712001971989196e-10,-3.75724196434021
31,low_gamma,late,1.3,2.3,2.2186402715007603e-10,1.621563994191888e-10,-4.36680793762207
32,low_gamma,late,1.3,2.3,2.0129282962688677e-10,2.9174709870183335e-10,-1.9616990089416504
33,low_gamma,late,1.3,2.3,3.369986789625301e-10,4.0111219901106665e-10,-3.2511980533599854
34,low_gamma,late,1.3,2.3,4.857035884597849e-10,1.501439389484105e-10,-7.179969787597656
35,low_gamma,late,1.3,2.3,1.2582522523896245e-10,8.02884425610273e-11,-4.363956451416016
36,low_gamma,late,1.3,2.3,9.466668421387325e-11,1.1659630205773652e-10,-1.6136835813522339
37,low_gamma,late,1.3,2.3,1.0260425148400643e-10,7.900681497918782e-11,-3.386993885040283
38,low_gamma,late,1.3,2.3,8.393560846364778e-11,8.343591095805181e-11,-2.9282078742980957
39,low_gamma,late,1.3,2.3,7.017974396061888e-11,4.5523702862926285e-11,-4.771328449249268
40,low_gamma,late,1.3,2.3,5.702458644174513e-11,9.285824192906134e-11,-0.5017951130867004
41,low_gamma,late,1.3,2.3,9.4537662420624e-11,4.9185790856887124e-11,-4.94143009185791
42,low_gamma,late,1.3,2.3,5.553578777406365e-11,7.011304037352062e-11,-1.278929352760315
43,low_gamma,late,1.3,2.3,6.707487343327045e-11,8.0080136966032e-11,-1.879071831703186
44,low_gamma,late,1.3,2.3,8.394927808463848e-11,7.594753298478807e-11,-3.043912172317505
45,low_gamma,late,1.3,2.3,7.745500768541191e-11,6.027185001089563e-11,-3.334007501602173
46,low_gamma,late,1.3,2.3,8.999101464013393e-11,4.790878457838765e-11,-5.174442291259766
47,low_gamma,late,1.3,2.3,5.833464267190891e-11,5.3333577137992805e-11,-2.3292510509490967
48,low_gamma,late,1.3,2.3,7.793540118816722e-11,8.055675571050358e-11,-2.4771504402160645
49,low_gamma,late,1.3,2.3,7.208216662446532e-11,1.1018300855036856e-10,-2.2272279262542725
50,low_gamma,late,1.3,2.3,1.0936141575657032e-10,6.68575750317757e-11,-4.512153148651123
51,low_gamma,late,1.3,2.3,6.432492732910688e-11,4.7162388577826064e-11,-3.5115320682525635
52,low_gamma,late,1.3,2.3,5.010135015193207e-11,5.202218517075252e-11,-2.453535795211792
53,low_gamma,late,1.3,2.3,5.198277225337833e-11,5.46319413319285e-11,-2.652233362197876
54,low_gamma,late,1.3,2.3,5.4625536732855196e-11,4.333419040269959e-11,-2.8299360275268555
55,low_gamma,late,1.3,2.3,5.116701159990633e-11,6.688104237095871e-11,-1.3614574670791626
56,low_gamma,late,1.3,2.3,7.24865167889277e-11,3.031756790061735e-10,-1.222968578338623
57,low_gamma,late,1.3,2.3,2.795539633115851e-10,9.301120290627907e-11,-8.012374877929688
58,low_gamma,late,1.3,2.3,1.0347753209849486e-10,1.1370501068475036e-10,-3.6825084686279297
59,low_gamma,late,1.3,2.3,8.994433670084234e-11,8.629424952388831e-11,-2.8567230701446533
60,low_gamma,late,1.3,2.3,9.365596492783013e-11,4.8715174255642424e-11,-5.500885963439941
61,low_gamma,late,1.3,2.3,5.190311028191452e-11,1.0626696050897166e-10,-1.0999270677566528
62,low_gamma,late,1.3,2.3,1.568480206826095e-10,9.217761970381488e-11,-5.852210521697998
63,low_gamma,late,1.3,2.3,8.569550624670796e-11,8.631190206997985e-11,-3.433933973312378
64,low_gamma,late,1.3,2.3,7.532249823860582e-11,7.782725158778092e-11,-2.9501001834869385
65,low_gamma,late,1.3,2.3,6.602117463838653e-11,7.643007754465359e-11,-2.0473368167877197
66,low_gamma,late,1.3,2.3,8.153910185937363e-11,7.156256143225903e-11,-2.7788493633270264
67,low_gamma,late,1.3,2.3,6.443605371497796e-11,1.2333588317314792e-10,-1.0749379396438599
68,low_gamma,late,1.3,2.3,9.99801214041085e-11,8.533566214774524e-11,-4.053834438323975
69,low_gamma,late,1.3,2.3,9.067104705939855e-11,8.817550162243393e-11,-3.095526933670044
70,low_gamma,late,1.3,2.3,8.889351060803463e-11,1.0460870364381591e-10,-1.6328612565994263
71,low_gamma,late,1.3,2.3,9.333982198267421e-11,7.207479751913937e-11,-2.7206737995147705
72,low_gamma,late,1.3,2.3,7.136836954746428e-11,5.4205553240427307e-11,-4.1877875328063965
73,low_gamma,late,1.3,2.3,5.038148370717366e-11,7.032741750068183e-11,-1.06587553024292
74,low_gamma,late,1.3,2.3,9.320919036603925e-11,6.868999813391952e-11,-3.9273815155029297
